{
  "baseline": {
    "dat_mean": 99.70619093665725,
    "pop_mean": 0.6246119274147302,
    "overlap_mean": 0.1542982319271419,
    "ttr": 0.33666666666666667,
    "top": [
      [
        "volcano",
        26
      ],
      [
        "whisper",
        20
      ],
      [
        "umbrella",
        14
      ],
      [
        "anchor",
        13
      ],
      [
        "freedom",
        13
      ],
      [
        "spoon",
        10
      ],
      [
        "rhythm",
        9
      ],
      [
        "melody",
        9
      ]
    ],
    "n": 30,
    "dat": [
      100.01016453350668,
      101.03053971177115,
      99.08535757303305,
      100.36597433915726,
      98.81880392460205,
      98.45253708860746,
      100.55421470720545,
      99.08829821085298,
      97.99882969785797,
      99.47790392847146,
      98.86243578619094,
      99.23460845110358,
      97.08670528450921,
      99.71927444363988,
      102.07782453682593,
      99.05773678285499,
      100.78953348093165,
      100.90325011634962,
      97.48881747089379,
      102.09103527663868,
      99.55862279196297,
      99.77264510948038,
      98.96732424343989,
      97.99882969785797,
      103.19705129038084,
      97.08670528450921,
      100.75217960081271,
      99.79506262307962,
      100.78953348093165,
      101.07392863225819
    ],
    "pop": [
      0.5666473206413555,
      0.7567473729774318,
      0.6652687314056897,
      0.5786369008940189,
      0.6750165648407275,
      0.6527028574456623,
      0.5933816925138746,
      0.6952727261175506,
      0.5752797849865088,
      0.5810125086819603,
      0.5473283873390631,
      0.5115493941056121,
      0.5185003167061355,
      0.6305739131223622,
      0.6332934016059566,
      0.5827690144713572,
      0.6517831663938841,
      0.7700918208549353,
      0.5815971241460343,
      0.7341519084057464,
      0.6254374489254908,
      0.5346601788575673,
      0.6101770346277475,
      0.5912331979690953,
      0.7625904185296006,
      0.499530714944247,
      0.6524093866978217,
      0.6293610302100339,
      0.672513443936273,
      0.6588400600881588
    ],
    "overlap": [
      0.21086819482784033,
      0.06033000011861975,
      0.1187205674768395,
      0.17652184890895253,
      0.11466673783851108,
      0.1494727352526007,
      0.18837831563357343,
      0.13922992064339346,
      0.1847116947202353,
      0.19507567092172617,
      0.21296479874466423,
      0.230386062936506,
      0.23006976535320725,
      0.15058776081515488,
      0.1156008682965019,
      0.16694372848958092,
      0.14122569778062466,
      0.025610002016535585,
      0.1733627510290262,
      0.08214417043284343,
      0.1513439616620998,
      0.22427815651366415,
      0.16200491085726482,
      0.17000581236729412,
      0.04843244012668588,
      0.24866578861988278,
      0.1403402861447059,
      0.16288269693842444,
      0.1481039481733407,
      0.10601766417395753
    ]
  },
  "divergence": {
    "dat_mean": 99.63173959858348,
    "pop_mean": 0.6493383909757686,
    "overlap_mean": 0.13427289292560993,
    "ttr": 0.33,
    "top": [
      [
        "lullaby",
        20
      ],
      [
        "grief",
        19
      ],
      [
        "barnacle",
        18
      ],
      [
        "avalanche",
        12
      ],
      [
        "tariff",
        12
      ],
      [
        "monsoon",
        10
      ],
      [
        "alibi",
        9
      ],
      [
        "trombone",
        8
      ]
    ],
    "n": 30,
    "dat": [
      99.9336282582291,
      101.71145254543734,
      100.32696886678197,
      98.9026542174309,
      101.99848454209703,
      97.97242517331138,
      99.45365090323267,
      100.74893469484618,
      98.89938600479007,
      99.70868430264981,
      101.07892538708889,
      97.16405206189923,
      100.49214186353322,
      101.91401656923577,
      99.41429781065497,
      101.52591370423991,
      99.33043983234577,
      101.09857514040641,
      97.01584593332329,
      101.23007869678212,
      97.43684191579388,
      98.69322988477876,
      99.23530711421255,
      101.11833148148428,
      98.0038736743007,
      98.88813675605331,
      99.92797493506835,
      97.1545719806443,
      98.7327946971673,
      99.84056900968409
    ],
    "pop": [
      0.703849053702735,
      0.6314026376684262,
      0.6424253673385963,
      0.5433100397738938,
      0.7714560164127784,
      0.6219224418260563,
      0.6605995362251641,
      0.6489062832403069,
      0.6354658484266223,
      0.6109186525941469,
      0.676494511420698,
      0.67354178360815,
      0.6666998649676117,
      0.7199532726201533,
      0.6902951947658673,
      0.6723931368157903,
      0.6687965326090005,
      0.7022909360276803,
      0.6230362405398847,
      0.6264962603741836,
      0.5802220698368382,
      0.6001556328266511,
      0.6601438724305296,
      0.6673750320703026,
      0.5571834721796279,
      0.6059439967710508,
      0.6008311641581471,
      0.6776130536729128,
      0.7478102555257437,
      0.5926195688435053
    ],
    "overlap": [
      0.0686689678896362,
      0.1329074884642302,
      0.1402114989976632,
      0.21791362084412155,
      0.05290440435097209,
      0.13208138669866012,
      0.13815048100304853,
      0.139020641529449,
      0.1282262451259996,
      0.1585626572281851,
      0.1255174786187917,
      0.11911031805341615,
      0.12310653238912019,
      0.12372632053426331,
      0.100883123969491,
      0.11329074884642303,
      0.12662064220727615,
      0.1300572255520478,
      0.12229398716534408,
      0.15087668461213885,
      0.16860609942706664,
      0.145561249303109,
      0.1325130778264119,
      0.11746023273193125,
      0.1893754058000882,
      0.16029509202350023,
      0.1477213995095921,
      0.13761965766342835,
      0.09973081791700347,
      0.1851733014858882
    ]
  },
  "archive": {
    "dat_mean": 99.4225749822413,
    "pop_mean": 0.8531317959706911,
    "overlap_mean": 0.0,
    "ttr": 1.0,
    "top": [
      [
        "mountain",
        1
      ],
      [
        "whisper",
        1
      ],
      [
        "justice",
        1
      ],
      [
        "spoon",
        1
      ],
      [
        "ocean",
        1
      ],
      [
        "grief",
        1
      ],
      [
        "clock",
        1
      ],
      [
        "feather",
        1
      ]
    ],
    "n": 20,
    "dat": [
      96.49143195260524,
      101.13821307234944,
      99.90652862613112,
      101.19696531757721,
      99.79012108575483,
      100.09478886674255,
      99.65082331123037,
      100.42364998071645,
      97.99639246596583,
      99.08988805718553,
      100.85499587823836,
      100.31669719507063,
      100.65711032069704,
      98.98871837011934,
      100.01429452861375,
      96.41358939353569,
      100.1505698939076,
      98.99221544626212,
      97.91830032692863,
      98.36620555519437
    ],
    "pop": [
      0.8558044927013766,
      0.8436311281776673,
      0.852137321024561,
      0.8624296290733339,
      0.8425707400915586,
      0.8310633885832245,
      0.8573378016454926,
      0.8868620019228398,
      0.880790222574337,
      0.8494538784976848,
      0.8305733474625359,
      0.8542268879045443,
      0.836084995954153,
      0.8761426019229823,
      0.8464743501013489,
      0.8582415824725684,
      0.8104608640215608,
      0.8922328975142033,
      0.8360622939895723,
      0.8600554937782743
    ],
    "overlap": [
      0.0,
      0.0,
      0.0,
      0.0,
      0.0,
      0.0,
      0.0,
      0.0,
      0.0,
      0.0,
      0.0,
      0.0,
      0.0,
      0.0,
      0.0,
      0.0,
      0.0,
      0.0,
      0.0,
      0.0
    ]
  }
}