{
  "nfuzz": 600,
  "buggy_solution_rate": 0.020833333333333332,
  "err_vs_k": {
    "1": 0.005833333333333334,
    "3": 0.0022916666666666667,
    "5": 0.000625,
    "7": 0.00020833333333333335
  },
  "idiosyncratic": 657,
  "systematic": 0,
  "per_problem_buggy": {
    "diag": [
      0,
      12
    ],
    "mono": [
      0,
      12
    ],
    "gap": [
      1,
      12
    ],
    "kwords": [
      0,
      12
    ],
    "bracket": [
      1,
      12
    ],
    "int3": [
      0,
      12
    ],
    "inck": [
      0,
      12
    ],
    "pp": [
      1,
      12
    ],
    "bal": [
      0,
      12
    ],
    "jump": [
      0,
      12
    ],
    "kgap": [
      0,
      12
    ],
    "dst": [
      0,
      12
    ]
  }
}